{
    "$schema": "https://schema.management.azure.com/schemas/2015-01-01/deploymentParameters.json#",
    "contentVersion": "1.0.0.0",
    "parameters": {
        "subscriptionId": {
            "value": "8abef2e7-1027-411b-ac13-86f904edb2b4"
        },
        "name": {
            "value": "shshshsh"
        },
        "location": {
            "value": "Central India"
        },
        "hostingPlanName": {
            "value": "ASP-appServiceRG-a53f"
        },
        "serverFarmResourceGroup": {
            "value": "appService_RG"
        },
        "alwaysOn": {
            "value": false
        },
        "ftpsState": {
            "value": "FtpsOnly"
        },
        "sku": {
            "value": "Basic"
        },
        "skuCode": {
            "value": "B1"
        },
        "numberOfWorkers": {
            "value": "1"
        },
        "workerSize": {
            "value": "0"
        },
        "workerSizeId": {
            "value": "0"
        },
        "linuxFxVersion": {
            "value": "PYTHON|3.11"
        }
    }
}